feature,importance
Age,0.31740901793114684
NumOfProducts,0.20954614131417393
Balance,0.12213384317471476
EstimatedSalary,0.08072163316080055
CreditScore,0.07654556174348086
IsActiveMember,0.05361057059084783
Geography_Germany,0.052888544289907885
Tenure,0.044702416632613595
Gender_Male,0.022134159325893313
Geography_Spain,0.010426784864868453
HasCrCard,0.00988132697155188
